{
  "sampleId": 3,
  "timestamp": "2025-08-14T02:50:13.203Z",
  "features": [
    130.19999999552965,
    177.20000000298023,
    128.5,
    150.29999999701977,
    139.79999999701977,
    93.39999999850988,
    258.20000000298023,
    129.19999999552965,
    109.60000000149012,
    153.29999999701977,
    91.29999999701977,
    65.39999999850988,
    107.90000000596046,
    163.79999999701977,
    88.20000000298023,
    163.69999999552965,
    137,
    307.20000000298023,
    224.29999999701977,
    178.80000000447035,
    -38.899999998509884,
    65.39999999850988,
    -69.29999999701977,
    35.29999999701977,
    -62.099999994039536,
    23.899999998509884,
    43.600000001490116,
    49,
    95.10000000149012,
    69.20000000298023,
    7.5770822405046765,
    20.500000000620883,
    0,
    43.119532698285845
  ],
  "detailedFeatures": {
    "holdTimes": [
      130.19999999552965,
      177.20000000298023,
      128.5,
      150.29999999701977,
      139.79999999701977,
      93.39999999850988,
      258.20000000298023,
      129.19999999552965,
      109.60000000149012,
      153.29999999701977
    ],
    "ddTimes": [
      91.29999999701977,
      65.39999999850988,
      107.90000000596046,
      163.79999999701977,
      88.20000000298023,
      163.69999999552965,
      137,
      307.20000000298023,
      224.29999999701977,
      178.80000000447035,
      92.89999999850988,
      95.19999999552965
    ],
    "udTimes": [
      -38.899999998509884,
      65.39999999850988,
      -69.29999999701977,
      35.29999999701977,
      -62.099999994039536,
      23.899999998509884,
      43.600000001490116,
      49,
      95.10000000149012,
      69.20000000298023,
      92.89999999850988,
      -58.100000001490116
    ],
    "typingSpeed": 7.5770822405046765,
    "flightTime": 20.500000000620883,
    "errorRate": 0,
    "pressPressure": 43.119532698285845
  },
  "privacyMode": false
}