{
  "sampleId": 2,
  "timestamp": "2025-08-14T02:50:10.926Z",
  "features": [
    150.60000000149012,
    147.79999999701977,
    112.89999999850988,
    117.70000000298023,
    168.20000000298023,
    117.20000000298023,
    57.19999999552965,
    117.10000000149012,
    117.20000000298023,
    339.1000000014901,
    181.30000000447035,
    92.30000000447035,
    78.39999999850988,
    87.10000000149012,
    182.09999999403954,
    63.100000001490116,
    125.60000000149012,
    190.20000000298023,
    74.79999999701977,
    238.29999999701977,
    185.80000000447035,
    -58.29999999701977,
    78.39999999850988,
    -60.69999999552965,
    69.19999999552965,
    -54.600000001490116,
    -42.600000001490116,
    73,
    17.600000001490116,
    121.19999999552965,
    68.60000000149012,
    7.99360511584868,
    -11.066666667660078,
    0,
    68.2838376151701
  ],
  "detailedFeatures": {
    "holdTimes": [
      150.60000000149012,
      147.79999999701977,
      112.89999999850988,
      117.70000000298023,
      168.20000000298023,
      117.20000000298023,
      57.19999999552965,
      117.10000000149012,
      117.20000000298023,
      339.1000000014901,
      181.30000000447035
    ],
    "ddTimes": [
      92.30000000447035,
      78.39999999850988,
      87.10000000149012,
      182.09999999403954,
      63.100000001490116,
      125.60000000149012,
      190.20000000298023,
      74.79999999701977,
      238.29999999701977,
      185.80000000447035,
      95.69999999552965,
      80.10000000149012
    ],
    "udTimes": [
      -58.29999999701977,
      78.39999999850988,
      -60.69999999552965,
      69.19999999552965,
      -54.600000001490116,
      -42.600000001490116,
      73,
      17.600000001490116,
      121.19999999552965,
      68.60000000149012,
      -243.40000000596046,
      -101.20000000298023
    ],
    "typingSpeed": 7.99360511584868,
    "flightTime": -11.066666667660078,
    "errorRate": 0,
    "pressPressure": 68.2838376151701
  },
  "privacyMode": false
}