{
  "sampleId": 7,
  "timestamp": "2025-08-14T02:50:25.482Z",
  "features": [
    109.40000000596046,
    154.69999999552965,
    88.40000000596046,
    142.19999999552965,
    134.89999999850988,
    127.69999999552965,
    79.89999999850988,
    142.89999999850988,
    129.79999999701977,
    169,
    73.5,
    72.40000000596046,
    104.09999999403954,
    137.80000000447035,
    110.89999999850988,
    101.70000000298023,
    164.79999999701977,
    110.39999999850988,
    211.70000000298023,
    193.39999999850988,
    -35.900000005960464,
    72.40000000596046,
    -50.600000001490116,
    49.399999998509884,
    -31.299999997019768,
    -33.19999999552965,
    37.100000001490116,
    30.5,
    68.80000000447035,
    63.600000001490116,
    8.825526137135098,
    16.175000000745058,
    0,
    26.638485315439564
  ],
  "detailedFeatures": {
    "holdTimes": [
      109.40000000596046,
      154.69999999552965,
      88.40000000596046,
      142.19999999552965,
      134.89999999850988,
      127.69999999552965,
      79.89999999850988,
      142.89999999850988,
      129.79999999701977,
      169
    ],
    "ddTimes": [
      73.5,
      72.40000000596046,
      104.09999999403954,
      137.80000000447035,
      110.89999999850988,
      101.70000000298023,
      164.79999999701977,
      110.39999999850988,
      211.70000000298023,
      193.39999999850988,
      87.29999999701977,
      105
    ],
    "udTimes": [
      -35.900000005960464,
      72.40000000596046,
      -50.600000001490116,
      49.399999998509884,
      -31.299999997019768,
      -33.19999999552965,
      37.100000001490116,
      30.5,
      68.80000000447035,
      63.600000001490116,
      87.29999999701977,
      -64
    ],
    "typingSpeed": 8.825526137135098,
    "flightTime": 16.175000000745058,
    "errorRate": 0,
    "pressPressure": 26.638485315439564
  },
  "privacyMode": false
}