{
  "sampleId": 8,
  "timestamp": "2025-08-14T02:50:28.032Z",
  "features": [
    158.29999999701977,
    146.60000000149012,
    94.89999999850988,
    146.40000000596046,
    151,
    129.10000000149012,
    101.90000000596046,
    137.79999999701977,
    122.40000000596046,
    355.1000000014901,
    181.09999999403954,
    103.60000000149012,
    83.79999999701977,
    86.70000000298023,
    164.59999999403954,
    103.5,
    110.80000000447035,
    184.69999999552965,
    126.70000000298023,
    216.79999999701977,
    186.30000000447035,
    -54.69999999552965,
    83.79999999701977,
    -59.899999998509884,
    69.69999999552965,
    -42.900000005960464,
    -40.19999999552965,
    55.599999994039536,
    24.799999997019768,
    79,
    63.899999998509884,
    7.537979821368784,
    -13.416666667287549,
    0,
    66.95910309688044
  ],
  "detailedFeatures": {
    "holdTimes": [
      158.29999999701977,
      146.60000000149012,
      94.89999999850988,
      146.40000000596046,
      151,
      129.10000000149012,
      101.90000000596046,
      137.79999999701977,
      122.40000000596046,
      355.1000000014901,
      181.09999999403954
    ],
    "ddTimes": [
      103.60000000149012,
      83.79999999701977,
      86.70000000298023,
      164.59999999403954,
      103.5,
      110.80000000447035,
      184.69999999552965,
      126.70000000298023,
      216.79999999701977,
      186.30000000447035,
      97.10000000149012,
      99
    ],
    "udTimes": [
      -54.69999999552965,
      83.79999999701977,
      -59.899999998509884,
      69.69999999552965,
      -42.900000005960464,
      -40.19999999552965,
      55.599999994039536,
      24.799999997019768,
      79,
      63.899999998509884,
      -258,
      -82.09999999403954
    ],
    "typingSpeed": 7.537979821368784,
    "flightTime": -13.416666667287549,
    "errorRate": 0,
    "pressPressure": 66.95910309688044
  },
  "privacyMode": false
}