{
  "sampleId": 1,
  "timestamp": "2025-08-14T02:50:08.640Z",
  "features": [
    90.89999999850988,
    143.39999999850988,
    87.70000000298023,
    123.79999999701977,
    146.5,
    123.59999999403954,
    91.89999999850988,
    135.89999999850988,
    118.39999999850988,
    104.79999999701977,
    164.69999999552965,
    1910.9000000059605,
    37.79999999701977,
    101.5,
    73.29999999701977,
    143.80000000447035,
    70.79999999701977,
    115.80000000447035,
    154.39999999850988,
    118.89999999850988,
    195.5,
    1910.9000000059605,
    -53.100000001490116,
    101.5,
    -70.10000000149012,
    56.100000001490116,
    -53,
    -30.69999999552965,
    30.80000000447035,
    27,
    59.600000001490116,
    4.284621270084162,
    148.91538461698934,
    0,
    24.17584683533669
  ],
  "detailedFeatures": {
    "holdTimes": [
      90.89999999850988,
      143.39999999850988,
      87.70000000298023,
      123.79999999701977,
      146.5,
      123.59999999403954,
      91.89999999850988,
      135.89999999850988,
      118.39999999850988,
      104.79999999701977,
      164.69999999552965
    ],
    "ddTimes": [
      1910.9000000059605,
      37.79999999701977,
      101.5,
      73.29999999701977,
      143.80000000447035,
      70.79999999701977,
      115.80000000447035,
      154.39999999850988,
      118.89999999850988,
      195.5,
      175.10000000149012,
      120.60000000149012,
      49.099999994039536
    ],
    "udTimes": [
      1910.9000000059605,
      -53.100000001490116,
      101.5,
      -70.10000000149012,
      56.100000001490116,
      -53,
      -30.69999999552965,
      30.80000000447035,
      27,
      59.600000001490116,
      56.70000000298023,
      15.800000004470348,
      -115.60000000149012
    ],
    "typingSpeed": 4.284621270084162,
    "flightTime": 148.91538461698934,
    "errorRate": 0,
    "pressPressure": 24.17584683533669
  },
  "privacyMode": false
}