{
  "sampleId": 5,
  "timestamp": "2025-08-14T02:50:17.896Z",
  "features": [
    123.5,
    163.20000000298023,
    125.69999999552965,
    161.30000000447035,
    140.19999999552965,
    85.70000000298023,
    126.5,
    126.19999999552965,
    122.5,
    98,
    166.60000000149012,
    76.90000000596046,
    93.79999999701977,
    67.60000000149012,
    176.29999999701977,
    106.80000000447035,
    168.29999999701977,
    138.29999999701977,
    158.30000000447035,
    217.69999999552965,
    199.20000000298023,
    -46.599999994039536,
    93.79999999701977,
    -95.60000000149012,
    50.600000001490116,
    -54.5,
    28.100000001490116,
    52.599999994039536,
    31.80000000447035,
    91.5,
    76.70000000298023,
    8.093637156005403,
    13.900000000372529,
    0,
    24.58319321116804
  ],
  "detailedFeatures": {
    "holdTimes": [
      123.5,
      163.20000000298023,
      125.69999999552965,
      161.30000000447035,
      140.19999999552965,
      85.70000000298023,
      126.5,
      126.19999999552965,
      122.5,
      98,
      166.60000000149012
    ],
    "ddTimes": [
      76.90000000596046,
      93.79999999701977,
      67.60000000149012,
      176.29999999701977,
      106.80000000447035,
      168.29999999701977,
      138.29999999701977,
      158.30000000447035,
      217.69999999552965,
      199.20000000298023,
      114.5,
      88.5
    ],
    "udTimes": [
      -46.599999994039536,
      93.79999999701977,
      -95.60000000149012,
      50.600000001490116,
      -54.5,
      28.100000001490116,
      52.599999994039536,
      31.80000000447035,
      91.5,
      76.70000000298023,
      16.5,
      -78.10000000149012
    ],
    "typingSpeed": 8.093637156005403,
    "flightTime": 13.900000000372529,
    "errorRate": 0,
    "pressPressure": 24.58319321116804
  },
  "privacyMode": false
}