{
  "sampleId": 6,
  "timestamp": "2025-08-14T02:50:22.576Z",
  "features": [
    96.70000000298023,
    195.80000000447035,
    131.5,
    75.39999999850988,
    102.39999999850988,
    128.70000000298023,
    118.20000000298023,
    350.70000000298023,
    154.10000000149012,
    2342.2000000029802,
    129.79999999701977,
    174,
    119.80000000447035,
    162.29999999701977,
    133.70000000298023,
    128.69999999552965,
    209.10000000149012,
    190.79999999701977,
    88.10000000149012,
    100.39999999850988,
    834.9000000059605,
    77.29999999701977,
    -76,
    30.799999997019768,
    58.30000000447035,
    26.299999997019768,
    80.39999999850988,
    72.59999999403954,
    -262.6000000014901,
    -53.70000000298023,
    -1507.2999999970198,
    4.321439978946787,
    -72.03636363690549,
    0,
    472.43936226878805
  ],
  "detailedFeatures": {
    "holdTimes": [
      96.70000000298023,
      195.80000000447035,
      131.5,
      75.39999999850988,
      102.39999999850988,
      128.70000000298023,
      118.20000000298023,
      350.70000000298023,
      154.10000000149012,
      2342.2000000029802,
      129.79999999701977,
      147.10000000149012,
      94.20000000298023,
      122.60000000149012,
      128.69999999552965,
      111.10000000149012,
      107.60000000149012,
      121,
      117.19999999552965,
      346.8999999985099,
      200.39999999850988
    ],
    "ddTimes": [
      174,
      119.80000000447035,
      162.29999999701977,
      133.70000000298023,
      128.69999999552965,
      209.10000000149012,
      190.79999999701977,
      88.10000000149012,
      100.39999999850988,
      834.9000000059605,
      101.69999999552965,
      66.60000000149012,
      97.79999999701977,
      161.30000000447035,
      151,
      67.69999999552965,
      230.80000000447035,
      138.29999999701977,
      195.20000000298023,
      187,
      85,
      113.29999999701977
    ],
    "udTimes": [
      77.29999999701977,
      -76,
      30.799999997019768,
      58.30000000447035,
      26.299999997019768,
      80.39999999850988,
      72.59999999403954,
      -262.6000000014901,
      -53.70000000298023,
      -1507.2999999970198,
      -28.100000001490116,
      66.60000000149012,
      -49.30000000447035,
      67.10000000149012,
      28.399999998509884,
      -61,
      119.70000000298023,
      30.69999999552965,
      74.20000000298023,
      69.80000000447035,
      -261.8999999985099,
      -87.10000000149012
    ],
    "typingSpeed": 4.321439978946787,
    "flightTime": -72.03636363690549,
    "errorRate": 0,
    "pressPressure": 472.43936226878805
  },
  "privacyMode": false
}