{
  "sampleId": 4,
  "timestamp": "2025-08-14T02:50:15.413Z",
  "features": [
    104.39999999850988,
    169.70000000298023,
    129.5,
    170.29999999701977,
    183.39999999850988,
    116.20000000298023,
    119.5,
    126,
    128.30000000447035,
    354.8999999985099,
    197.70000000298023,
    65.79999999701977,
    79.89999999850988,
    78.20000000298023,
    173.89999999850988,
    106.20000000298023,
    124.09999999403954,
    216.90000000596046,
    130.09999999403954,
    197.5,
    185.10000000149012,
    -38.600000001490116,
    79.89999999850988,
    -91.5,
    44.399999998509884,
    -64.09999999403954,
    -59.30000000447035,
    100.70000000298023,
    10.599999994039536,
    71.5,
    56.79999999701977,
    7.222623479058253,
    -20.40833333383004,
    0,
    67.25224012310285
  ],
  "detailedFeatures": {
    "holdTimes": [
      104.39999999850988,
      169.70000000298023,
      129.5,
      170.29999999701977,
      183.39999999850988,
      116.20000000298023,
      119.5,
      126,
      128.30000000447035,
      354.8999999985099,
      197.70000000298023
    ],
    "ddTimes": [
      65.79999999701977,
      79.89999999850988,
      78.20000000298023,
      173.89999999850988,
      106.20000000298023,
      124.09999999403954,
      216.90000000596046,
      130.09999999403954,
      197.5,
      185.10000000149012,
      96.60000000149012,
      100.70000000298023
    ],
    "udTimes": [
      -38.600000001490116,
      79.89999999850988,
      -91.5,
      44.399999998509884,
      -64.09999999403954,
      -59.30000000447035,
      100.70000000298023,
      10.599999994039536,
      71.5,
      56.79999999701977,
      -258.29999999701977,
      -97
    ],
    "typingSpeed": 7.222623479058253,
    "flightTime": -20.40833333383004,
    "errorRate": 0,
    "pressPressure": 67.25224012310285
  },
  "privacyMode": false
}