{
  "sampleId": 0,
  "timestamp": "2025-08-14T02:50:04.660Z",
  "features": [
    83.79999999701977,
    153.5,
    105.70000000298023,
    127.39999999850988,
    135.30000000447035,
    131.29999999701977,
    74.39999999850988,
    137.29999999701977,
    117.80000000447035,
    307.1000000014901,
    163,
    43.399999998509884,
    89.79999999701977,
    80.10000000149012,
    157.70000000298023,
    91.29999999701977,
    115.10000000149012,
    150.89999999850988,
    116.60000000149012,
    199.29999999701977,
    180.5,
    -40.399999998509884,
    89.79999999701977,
    -73.39999999850988,
    52,
    -36.100000001490116,
    -20.200000002980232,
    19.600000001490116,
    42.20000000298023,
    62,
    62.69999999552965,
    8.460236886624621,
    -12.433333333581686,
    0,
    58.79669833927678
  ],
  "detailedFeatures": {
    "holdTimes": [
      83.79999999701977,
      153.5,
      105.70000000298023,
      127.39999999850988,
      135.30000000447035,
      131.29999999701977,
      74.39999999850988,
      137.29999999701977,
      117.80000000447035,
      307.1000000014901,
      163
    ],
    "ddTimes": [
      43.399999998509884,
      89.79999999701977,
      80.10000000149012,
      157.70000000298023,
      91.29999999701977,
      115.10000000149012,
      150.89999999850988,
      116.60000000149012,
      199.29999999701977,
      180.5,
      90,
      72.70000000298023
    ],
    "udTimes": [
      -40.399999998509884,
      89.79999999701977,
      -73.39999999850988,
      52,
      -36.100000001490116,
      -20.200000002980232,
      19.600000001490116,
      42.20000000298023,
      62,
      62.69999999552965,
      -217.10000000149012,
      -90.29999999701977
    ],
    "typingSpeed": 8.460236886624621,
    "flightTime": -12.433333333581686,
    "errorRate": 0,
    "pressPressure": 58.79669833927678
  },
  "privacyMode": false
}