{
  "sampleId": 9,
  "timestamp": "2025-08-14T02:50:31.024Z",
  "features": [
    140.5,
    154.60000000149012,
    95.90000000596046,
    127.60000000149012,
    135.20000000298023,
    122.89999999850988,
    105.89999999850988,
    115.79999999701977,
    108.90000000596046,
    139.59999999403954,
    105.5,
    85.39999999850988,
    75.79999999701977,
    149.30000000447035,
    116.89999999850988,
    98.60000000149012,
    344.29999999701977,
    142.20000000298023,
    236.69999999552965,
    199.30000000447035,
    -35,
    85.39999999850988,
    -78.80000000447035,
    53.399999998509884,
    -10.700000002980232,
    -36.600000001490116,
    221.39999999850988,
    36.30000000447035,
    120.89999999850988,
    90.39999999850988,
    7.478140819150451,
    40.95833333271245,
    0,
    17.318455472603787
  ],
  "detailedFeatures": {
    "holdTimes": [
      140.5,
      154.60000000149012,
      95.90000000596046,
      127.60000000149012,
      135.20000000298023,
      122.89999999850988,
      105.89999999850988,
      115.79999999701977,
      108.90000000596046,
      139.59999999403954
    ],
    "ddTimes": [
      105.5,
      85.39999999850988,
      75.79999999701977,
      149.30000000447035,
      116.89999999850988,
      98.60000000149012,
      344.29999999701977,
      142.20000000298023,
      236.69999999552965,
      199.30000000447035,
      90.60000000149012,
      93.79999999701977
    ],
    "udTimes": [
      -35,
      85.39999999850988,
      -78.80000000447035,
      53.399999998509884,
      -10.700000002980232,
      -36.600000001490116,
      221.39999999850988,
      36.30000000447035,
      120.89999999850988,
      90.39999999850988,
      90.60000000149012,
      -45.79999999701977
    ],
    "typingSpeed": 7.478140819150451,
    "flightTime": 40.95833333271245,
    "errorRate": 0,
    "pressPressure": 17.318455472603787
  },
  "privacyMode": false
}