{
  "sampleId": 2,
  "timestamp": "2025-09-13T03:52:55.628Z",
  "features": [
    106.2000000178814,
    106.69999998807907,
    171.2000000178814,
    203.09999999403954,
    143.2999999821186,
    157.80000001192093,
    146.09999999403954,
    213.7000000178814,
    107.09999999403954,
    51.599999994039536,
    39.400000005960464,
    42.5,
    -96,
    6.844626967830253,
    9.375,
    0,
    37.49991999946326,
    0,
    0,
    0,
    0,
    0,
    0,
    0,
    0,
    0,
    0,
    0,
    0,
    0,
    0,
    0,
    0,
    0
  ],
  "detailedFeatures": {
    "holdTimes": [
      106.2000000178814,
      106.69999998807907,
      171.2000000178814,
      203.09999999403954,
      143.2999999821186
    ],
    "ddTimes": [
      157.80000001192093,
      146.09999999403954,
      213.7000000178814,
      107.09999999403954
    ],
    "udTimes": [
      51.599999994039536,
      39.400000005960464,
      42.5,
      -96
    ],
    "typingSpeed": 6.844626967830253,
    "flightTime": 9.375,
    "errorRate": 0,
    "pressPressure": 37.49991999946326
  },
  "privacyMode": false
}