{
  "sampleId": 9,
  "timestamp": "2025-09-13T03:53:17.834Z",
  "features": [
    105.40000000596046,
    116.59999999403954,
    98.30000001192093,
    181.5,
    129.59999999403954,
    200.5,
    167.69999998807907,
    131.2000000178814,
    97.59999999403954,
    95.09999999403954,
    51.099999994039536,
    32.900000005960464,
    -83.90000000596046,
    7.9189103578599935,
    23.799999997019768,
    0,
    29.573055300931667,
    0,
    0,
    0,
    0,
    0,
    0,
    0,
    0,
    0,
    0,
    0,
    0,
    0,
    0,
    0,
    0,
    0
  ],
  "detailedFeatures": {
    "holdTimes": [
      105.40000000596046,
      116.59999999403954,
      98.30000001192093,
      181.5,
      129.59999999403954
    ],
    "ddTimes": [
      200.5,
      167.69999998807907,
      131.2000000178814,
      97.59999999403954
    ],
    "udTimes": [
      95.09999999403954,
      51.099999994039536,
      32.900000005960464,
      -83.90000000596046
    ],
    "typingSpeed": 7.9189103578599935,
    "flightTime": 23.799999997019768,
    "errorRate": 0,
    "pressPressure": 29.573055300931667
  },
  "privacyMode": false
}