{
  "sampleId": 1,
  "timestamp": "2025-09-13T03:52:52.960Z",
  "features": [
    127.30000001192093,
    89,
    230.5,
    220.2000000178814,
    125.40000000596046,
    36.5,
    6481.5,
    166.40000000596046,
    131.59999999403954,
    139,
    139.40000000596046,
    176.2000000178814,
    3186.0999999940395,
    6481.5,
    39.099999994039536,
    42.599999994039536,
    -91.5,
    -80.80000001192093,
    50.80000001192093,
    3149.5999999940395,
    0.7677395827322193,
    1370.1857142831598,
    0,
    68.66519618472867,
    0,
    0,
    0,
    0,
    0,
    0,
    0,
    0,
    0,
    0
  ],
  "detailedFeatures": {
    "holdTimes": [
      127.30000001192093,
      89,
      230.5,
      220.2000000178814,
      125.40000000596046,
      36.5
    ],
    "ddTimes": [
      6481.5,
      166.40000000596046,
      131.59999999403954,
      139,
      139.40000000596046,
      176.2000000178814,
      3186.0999999940395
    ],
    "udTimes": [
      6481.5,
      39.099999994039536,
      42.599999994039536,
      -91.5,
      -80.80000001192093,
      50.80000001192093,
      3149.5999999940395
    ],
    "typingSpeed": 0.7677395827322193,
    "flightTime": 1370.1857142831598,
    "errorRate": 0,
    "pressPressure": 68.66519618472867
  },
  "privacyMode": false
}