{
  "sampleId": 8,
  "timestamp": "2025-09-13T03:53:15.204Z",
  "features": [
    92.90000000596046,
    105.59999999403954,
    144,
    210.89999997615814,
    152.39999997615814,
    138.59999999403954,
    147.80000001192093,
    197.40000000596046,
    114,
    45.69999998807907,
    42.20000001788139,
    53.400000005960464,
    -96.89999997615814,
    7.084159819124114,
    11.100000008940697,
    0,
    41.45265249893468,
    0,
    0,
    0,
    0,
    0,
    0,
    0,
    0,
    0,
    0,
    0,
    0,
    0,
    0,
    0,
    0,
    0
  ],
  "detailedFeatures": {
    "holdTimes": [
      92.90000000596046,
      105.59999999403954,
      144,
      210.89999997615814,
      152.39999997615814
    ],
    "ddTimes": [
      138.59999999403954,
      147.80000001192093,
      197.40000000596046,
      114
    ],
    "udTimes": [
      45.69999998807907,
      42.20000001788139,
      53.400000005960464,
      -96.89999997615814
    ],
    "typingSpeed": 7.084159819124114,
    "flightTime": 11.100000008940697,
    "errorRate": 0,
    "pressPressure": 41.45265249893468
  },
  "privacyMode": false
}