{
  "sampleId": 6,
  "timestamp": "2025-09-13T03:53:08.241Z",
  "features": [
    168.89999997615814,
    131.69999998807907,
    130.7999999821186,
    221.09999999403954,
    159.19999998807907,
    233,
    198.59999999403954,
    189,
    103.5,
    64.10000002384186,
    66.90000000596046,
    58.20000001788139,
    -117.59999999403954,
    6.15991129782012,
    17.900000013411045,
    0,
    32.9824559453054,
    0,
    0,
    0,
    0,
    0,
    0,
    0,
    0,
    0,
    0,
    0,
    0,
    0,
    0,
    0,
    0,
    0
  ],
  "detailedFeatures": {
    "holdTimes": [
      168.89999997615814,
      131.69999998807907,
      130.7999999821186,
      221.09999999403954,
      159.19999998807907
    ],
    "ddTimes": [
      233,
      198.59999999403954,
      189,
      103.5
    ],
    "udTimes": [
      64.10000002384186,
      66.90000000596046,
      58.20000001788139,
      -117.59999999403954
    ],
    "typingSpeed": 6.15991129782012,
    "flightTime": 17.900000013411045,
    "errorRate": 0,
    "pressPressure": 32.9824559453054
  },
  "privacyMode": false
}