{
  "sampleId": 4,
  "timestamp": "2025-09-13T03:52:59.998Z",
  "features": [
    86.7000000178814,
    99.09999999403954,
    96.2000000178814,
    234.69999998807907,
    163.2999999821186,
    181.5,
    151,
    144.90000000596046,
    118.30000001192093,
    94.7999999821186,
    51.900000005960464,
    48.69999998807907,
    -116.39999997615814,
    7.352941176470588,
    19.75,
    0,
    56.32605080053794,
    0,
    0,
    0,
    0,
    0,
    0,
    0,
    0,
    0,
    0,
    0,
    0,
    0,
    0,
    0,
    0,
    0
  ],
  "detailedFeatures": {
    "holdTimes": [
      86.7000000178814,
      99.09999999403954,
      96.2000000178814,
      234.69999998807907,
      163.2999999821186
    ],
    "ddTimes": [
      181.5,
      151,
      144.90000000596046,
      118.30000001192093
    ],
    "udTimes": [
      94.7999999821186,
      51.900000005960464,
      48.69999998807907,
      -116.39999997615814
    ],
    "typingSpeed": 7.352941176470588,
    "flightTime": 19.75,
    "errorRate": 0,
    "pressPressure": 56.32605080053794
  },
  "privacyMode": false
}