{
  "sampleId": 7,
  "timestamp": "2025-09-13T03:53:12.146Z",
  "features": [
    88.30000001192093,
    92.7999999821186,
    92.09999999403954,
    194.2999999821186,
    142.19999998807907,
    151.30000001192093,
    182.19999998807907,
    129.40000000596046,
    97.09999999403954,
    63,
    89.40000000596046,
    37.30000001192093,
    -97.19999998807907,
    8.200754469972384,
    23.12500000745058,
    0,
    41.273846434576406,
    0,
    0,
    0,
    0,
    0,
    0,
    0,
    0,
    0,
    0,
    0,
    0,
    0,
    0,
    0,
    0,
    0
  ],
  "detailedFeatures": {
    "holdTimes": [
      88.30000001192093,
      92.7999999821186,
      92.09999999403954,
      194.2999999821186,
      142.19999998807907
    ],
    "ddTimes": [
      151.30000001192093,
      182.19999998807907,
      129.40000000596046,
      97.09999999403954
    ],
    "udTimes": [
      63,
      89.40000000596046,
      37.30000001192093,
      -97.19999998807907
    ],
    "typingSpeed": 8.200754469972384,
    "flightTime": 23.12500000745058,
    "errorRate": 0,
    "pressPressure": 41.273846434576406
  },
  "privacyMode": false
}