{
  "sampleId": 5,
  "timestamp": "2025-09-13T03:53:04.606Z",
  "features": [
    102.5,
    107.40000000596046,
    132.2000000178814,
    208.5,
    142.19999998807907,
    588.0999999940395,
    188.5,
    186.7000000178814,
    103.19999998807907,
    485.59999999403954,
    81.09999999403954,
    54.5,
    -105.30000001192093,
    4.688232536333802,
    128.97499999403954,
    0,
    37.99097787452781,
    0,
    0,
    0,
    0,
    0,
    0,
    0,
    0,
    0,
    0,
    0,
    0,
    0,
    0,
    0,
    0,
    0
  ],
  "detailedFeatures": {
    "holdTimes": [
      102.5,
      107.40000000596046,
      132.2000000178814,
      208.5,
      142.19999998807907
    ],
    "ddTimes": [
      588.0999999940395,
      188.5,
      186.7000000178814,
      103.19999998807907
    ],
    "udTimes": [
      485.59999999403954,
      81.09999999403954,
      54.5,
      -105.30000001192093
    ],
    "typingSpeed": 4.688232536333802,
    "flightTime": 128.97499999403954,
    "errorRate": 0,
    "pressPressure": 37.99097787452781
  },
  "privacyMode": false
}