{
  "sampleId": 3,
  "timestamp": "2025-09-13T03:52:57.825Z",
  "features": [
    133.5,
    98.69999998807907,
    153.89999997615814,
    215.7000000178814,
    158.40000000596046,
    177.40000000596046,
    147,
    198.39999997615814,
    109.7000000178814,
    43.900000005960464,
    48.30000001192093,
    44.5,
    -106,
    6.577216522071042,
    7.675000004470348,
    0,
    38.1716963299655,
    0,
    0,
    0,
    0,
    0,
    0,
    0,
    0,
    0,
    0,
    0,
    0,
    0,
    0,
    0,
    0,
    0
  ],
  "detailedFeatures": {
    "holdTimes": [
      133.5,
      98.69999998807907,
      153.89999997615814,
      215.7000000178814,
      158.40000000596046
    ],
    "ddTimes": [
      177.40000000596046,
      147,
      198.39999997615814,
      109.7000000178814
    ],
    "udTimes": [
      43.900000005960464,
      48.30000001192093,
      44.5,
      -106
    ],
    "typingSpeed": 6.577216522071042,
    "flightTime": 7.675000004470348,
    "errorRate": 0,
    "pressPressure": 38.1716963299655
  },
  "privacyMode": false
}