{
  "sampleId": 0,
  "timestamp": "2025-09-13T03:52:37.699Z",
  "features": [
    102.2999999821186,
    90.40000000596046,
    136.19999998807907,
    133.30000001192093,
    99.5,
    155.69999998807907,
    125.7000000178814,
    98.89999997615814,
    91.40000000596046,
    203.80000001192093,
    53.400000005960464,
    35.30000001192093,
    -37.30000001192093,
    -41.900000005960464,
    104.30000001192093,
    8.882309400444116,
    22.760000002384185,
    0,
    18.738473790724644,
    0,
    0,
    0,
    0,
    0,
    0,
    0,
    0,
    0,
    0,
    0,
    0,
    0,
    0,
    0
  ],
  "detailedFeatures": {
    "holdTimes": [
      102.2999999821186,
      90.40000000596046,
      136.19999998807907,
      133.30000001192093,
      99.5
    ],
    "ddTimes": [
      155.69999998807907,
      125.7000000178814,
      98.89999997615814,
      91.40000000596046,
      203.80000001192093
    ],
    "udTimes": [
      53.400000005960464,
      35.30000001192093,
      -37.30000001192093,
      -41.900000005960464,
      104.30000001192093
    ],
    "typingSpeed": 8.882309400444116,
    "flightTime": 22.760000002384185,
    "errorRate": 0,
    "pressPressure": 18.738473790724644
  },
  "privacyMode": false
}