{
  "sampleId": 3,
  "timestamp": "2025-08-13T06:57:15.538Z",
  "features": [
    103.5,
    96.40000000037253,
    112.09999999962747,
    148.20000000018626,
    122.6000000005588,
    129.19999999925494,
    44.700000000186265,
    26.200000000186265,
    17.09999999962747,
    10,
    29.333333333333332,
    0,
    6.419241907169999,
    0,
    0,
    0,
    0,
    0,
    0,
    0,
    0,
    0,
    0,
    0,
    0,
    0,
    0,
    0,
    0,
    0,
    0,
    0,
    0,
    0
  ],
  "detailedFeatures": {
    "holdTimes": [
      103.5,
      96.40000000037253,
      112.09999999962747
    ],
    "ddTimes": [
      148.20000000018626,
      122.6000000005588,
      129.19999999925494
    ],
    "udTimes": [
      44.700000000186265,
      26.200000000186265,
      17.09999999962747
    ],
    "typingSpeed": 10,
    "flightTime": 29.333333333333332,
    "errorRate": 0,
    "pressPressure": 6.419241907169999
  },
  "privacyMode": false
}