{
  "sampleId": 0,
  "timestamp": "2025-08-13T06:57:12.199Z",
  "features": [
    88.3999999994412,
    106.5,
    96.5,
    90.5,
    130.20000000018626,
    358.20000000018626,
    304.09999999962747,
    148.20000000018626,
    130,
    87.59999999962747,
    269.80000000074506,
    197.59999999962747,
    51.700000000186265,
    39.5,
    -42.60000000055879,
    5.836008170413553,
    103.2,
    0,
    15.245117251277652,
    0,
    0,
    0,
    0,
    0,
    0,
    0,
    0,
    0,
    0,
    0,
    0,
    0,
    0,
    0
  ],
  "detailedFeatures": {
    "holdTimes": [
      88.3999999994412,
      106.5,
      96.5,
      90.5,
      130.20000000018626
    ],
    "ddTimes": [
      358.20000000018626,
      304.09999999962747,
      148.20000000018626,
      130,
      87.59999999962747
    ],
    "udTimes": [
      269.80000000074506,
      197.59999999962747,
      51.700000000186265,
      39.5,
      -42.60000000055879
    ],
    "typingSpeed": 5.836008170413553,
    "flightTime": 103.2,
    "errorRate": 0,
    "pressPressure": 15.245117251277652
  },
  "privacyMode": false
}