{
  "sampleId": 9,
  "timestamp": "2025-08-13T06:57:23.631Z",
  "features": [
    110.5,
    87.70000000018626,
    120.5,
    193.09999999962747,
    138.70000000018626,
    81.79999999981374,
    82.59999999962747,
    51,
    -38.700000000186265,
    9.671179883954553,
    31.633333333147068,
    0,
    13.726211745656101,
    0,
    0,
    0,
    0,
    0,
    0,
    0,
    0,
    0,
    0,
    0,
    0,
    0,
    0,
    0,
    0,
    0,
    0,
    0,
    0,
    0
  ],
  "detailedFeatures": {
    "holdTimes": [
      110.5,
      87.70000000018626,
      120.5
    ],
    "ddTimes": [
      193.09999999962747,
      138.70000000018626,
      81.79999999981374
    ],
    "udTimes": [
      82.59999999962747,
      51,
      -38.700000000186265
    ],
    "typingSpeed": 9.671179883954553,
    "flightTime": 31.633333333147068,
    "errorRate": 0,
    "pressPressure": 13.726211745656101
  },
  "privacyMode": false
}