{
  "sampleId": 1,
  "timestamp": "2025-08-13T06:57:13.507Z",
  "features": [
    90.20000000018626,
    97.5,
    146.90000000037253,
    134.70000000018626,
    129.59999999962747,
    83.79999999981374,
    44.5,
    32.09999999962747,
    -63.10000000055879,
    11.490950876197301,
    4.499999999689559,
    0,
    25.184960238768625,
    0,
    0,
    0,
    0,
    0,
    0,
    0,
    0,
    0,
    0,
    0,
    0,
    0,
    0,
    0,
    0,
    0,
    0,
    0,
    0,
    0
  ],
  "detailedFeatures": {
    "holdTimes": [
      90.20000000018626,
      97.5,
      146.90000000037253
    ],
    "ddTimes": [
      134.70000000018626,
      129.59999999962747,
      83.79999999981374
    ],
    "udTimes": [
      44.5,
      32.09999999962747,
      -63.10000000055879
    ],
    "typingSpeed": 11.490950876197301,
    "flightTime": 4.499999999689559,
    "errorRate": 0,
    "pressPressure": 25.184960238768625
  },
  "privacyMode": false
}