{
  "sampleId": 6,
  "timestamp": "2025-08-13T06:57:19.720Z",
  "features": [
    95,
    91.40000000037253,
    133.79999999981374,
    155.09999999962747,
    139.20000000018626,
    104.5,
    60.09999999962747,
    47.799999999813735,
    -29.299999999813735,
    10.030090270817121,
    26.199999999875825,
    0,
    19.195369811885705,
    0,
    0,
    0,
    0,
    0,
    0,
    0,
    0,
    0,
    0,
    0,
    0,
    0,
    0,
    0,
    0,
    0,
    0,
    0,
    0,
    0
  ],
  "detailedFeatures": {
    "holdTimes": [
      95,
      91.40000000037253,
      133.79999999981374
    ],
    "ddTimes": [
      155.09999999962747,
      139.20000000018626,
      104.5
    ],
    "udTimes": [
      60.09999999962747,
      47.799999999813735,
      -29.299999999813735
    ],
    "typingSpeed": 10.030090270817121,
    "flightTime": 26.199999999875825,
    "errorRate": 0,
    "pressPressure": 19.195369811885705
  },
  "privacyMode": false
}