{
  "sampleId": 2,
  "timestamp": "2025-08-13T06:57:14.591Z",
  "features": [
    91.8999999994412,
    96.59999999962747,
    99.69999999925494,
    149.59999999962747,
    143.40000000037253,
    64.29999999981374,
    57.700000000186265,
    46.80000000074506,
    -35.39999999944121,
    11.195074167372196,
    23.03333333383004,
    0,
    3.206590435624306,
    0,
    0,
    0,
    0,
    0,
    0,
    0,
    0,
    0,
    0,
    0,
    0,
    0,
    0,
    0,
    0,
    0,
    0,
    0,
    0,
    0
  ],
  "detailedFeatures": {
    "holdTimes": [
      91.8999999994412,
      96.59999999962747,
      99.69999999925494
    ],
    "ddTimes": [
      149.59999999962747,
      143.40000000037253,
      64.29999999981374
    ],
    "udTimes": [
      57.700000000186265,
      46.80000000074506,
      -35.39999999944121
    ],
    "typingSpeed": 11.195074167372196,
    "flightTime": 23.03333333383004,
    "errorRate": 0,
    "pressPressure": 3.206590435624306
  },
  "privacyMode": false
}