{
  "sampleId": 8,
  "timestamp": "2025-08-13T06:57:22.265Z",
  "features": [
    92.5,
    110.79999999981374,
    155.20000000018626,
    142.70000000018626,
    143.29999999981374,
    92.20000000018626,
    50.200000000186265,
    32.5,
    -63,
    10.576414595446932,
    6.5666666667287545,
    0,
    26.326032743379955,
    0,
    0,
    0,
    0,
    0,
    0,
    0,
    0,
    0,
    0,
    0,
    0,
    0,
    0,
    0,
    0,
    0,
    0,
    0,
    0,
    0
  ],
  "detailedFeatures": {
    "holdTimes": [
      92.5,
      110.79999999981374,
      155.20000000018626
    ],
    "ddTimes": [
      142.70000000018626,
      143.29999999981374,
      92.20000000018626
    ],
    "udTimes": [
      50.200000000186265,
      32.5,
      -63
    ],
    "typingSpeed": 10.576414595446932,
    "flightTime": 6.5666666667287545,
    "errorRate": 0,
    "pressPressure": 26.326032743379955
  },
  "privacyMode": false
}