{
  "sampleId": 7,
  "timestamp": "2025-08-13T06:57:21.137Z",
  "features": [
    85.6000000005588,
    85,
    123.5,
    143,
    139.90000000037253,
    87,
    57.39999999944121,
    54.90000000037253,
    -36.5,
    10.813733441459776,
    25.26666666660458,
    0,
    18.009318575418778,
    0,
    0,
    0,
    0,
    0,
    0,
    0,
    0,
    0,
    0,
    0,
    0,
    0,
    0,
    0,
    0,
    0,
    0,
    0,
    0,
    0
  ],
  "detailedFeatures": {
    "holdTimes": [
      85.6000000005588,
      85,
      123.5
    ],
    "ddTimes": [
      143,
      139.90000000037253,
      87
    ],
    "udTimes": [
      57.39999999944121,
      54.90000000037253,
      -36.5
    ],
    "typingSpeed": 10.813733441459776,
    "flightTime": 25.26666666660458,
    "errorRate": 0,
    "pressPressure": 18.009318575418778
  },
  "privacyMode": false
}