{
  "sampleId": 5,
  "timestamp": "2025-08-13T06:57:18.225Z",
  "features": [
    110.40000000037253,
    95,
    128.1000000005588,
    160.40000000037253,
    139.09999999962747,
    91.40000000037253,
    50,
    44.09999999962747,
    -36.700000000186265,
    10.232796111527726,
    19.133333333147068,
    0,
    13.523888329976453,
    0,
    0,
    0,
    0,
    0,
    0,
    0,
    0,
    0,
    0,
    0,
    0,
    0,
    0,
    0,
    0,
    0,
    0,
    0,
    0,
    0
  ],
  "detailedFeatures": {
    "holdTimes": [
      110.40000000037253,
      95,
      128.1000000005588
    ],
    "ddTimes": [
      160.40000000037253,
      139.09999999962747,
      91.40000000037253
    ],
    "udTimes": [
      50,
      44.09999999962747,
      -36.700000000186265
    ],
    "typingSpeed": 10.232796111527726,
    "flightTime": 19.133333333147068,
    "errorRate": 0,
    "pressPressure": 13.523888329976453
  },
  "privacyMode": false
}