{
  "sampleId": 4,
  "timestamp": "2025-08-13T06:57:16.613Z",
  "features": [
    95.70000000018626,
    115.09999999962747,
    140,
    167.5,
    155.59999999962747,
    88.80000000074506,
    71.79999999981374,
    40.5,
    -51.19999999925494,
    9.711094925944119,
    20.366666666852932,
    0,
    18.131801405818475,
    0,
    0,
    0,
    0,
    0,
    0,
    0,
    0,
    0,
    0,
    0,
    0,
    0,
    0,
    0,
    0,
    0,
    0,
    0,
    0,
    0
  ],
  "detailedFeatures": {
    "holdTimes": [
      95.70000000018626,
      115.09999999962747,
      140
    ],
    "ddTimes": [
      167.5,
      155.59999999962747,
      88.80000000074506
    ],
    "udTimes": [
      71.79999999981374,
      40.5,
      -51.19999999925494
    ],
    "typingSpeed": 9.711094925944119,
    "flightTime": 20.366666666852932,
    "errorRate": 0,
    "pressPressure": 18.131801405818475
  },
  "privacyMode": false
}