{
  "sampleId": 8,
  "timestamp": "2025-09-02T05:57:15.318Z",
  "features": [
    100.5,
    86.70000000298023,
    114.89999999850988,
    123.39999999850988,
    149.20000000298023,
    85.79999999701977,
    22.899999998509884,
    62.5,
    -29.100000001490116,
    11.160714285760688,
    18.766666665673256,
    0,
    11.513470369878844,
    0,
    0,
    0,
    0,
    0,
    0,
    0,
    0,
    0,
    0,
    0,
    0,
    0,
    0,
    0,
    0,
    0,
    0,
    0,
    0,
    0
  ],
  "detailedFeatures": {
    "holdTimes": [
      100.5,
      86.70000000298023,
      114.89999999850988
    ],
    "ddTimes": [
      123.39999999850988,
      149.20000000298023,
      85.79999999701977
    ],
    "udTimes": [
      22.899999998509884,
      62.5,
      -29.100000001490116
    ],
    "typingSpeed": 11.160714285760688,
    "flightTime": 18.766666665673256,
    "errorRate": 0,
    "pressPressure": 11.513470369878844
  },
  "privacyMode": false
}