{
  "sampleId": 6,
  "timestamp": "2025-09-02T05:57:13.258Z",
  "features": [
    87,
    92.30000000447035,
    145.80000000447035,
    119.60000000149012,
    139.89999999850988,
    109.10000000149012,
    32.600000001490116,
    47.599999994039536,
    -36.70000000298023,
    10.851871947867144,
    14.499999997516474,
    0,
    26.557652173197962,
    0,
    0,
    0,
    0,
    0,
    0,
    0,
    0,
    0,
    0,
    0,
    0,
    0,
    0,
    0,
    0,
    0,
    0,
    0,
    0,
    0
  ],
  "detailedFeatures": {
    "holdTimes": [
      87,
      92.30000000447035,
      145.80000000447035
    ],
    "ddTimes": [
      119.60000000149012,
      139.89999999850988,
      109.10000000149012
    ],
    "udTimes": [
      32.600000001490116,
      47.599999994039536,
      -36.70000000298023
    ],
    "typingSpeed": 10.851871947867144,
    "flightTime": 14.499999997516474,
    "errorRate": 0,
    "pressPressure": 26.557652173197962
  },
  "privacyMode": false
}