{
  "sampleId": 7,
  "timestamp": "2025-09-02T05:57:14.181Z",
  "features": [
    91.60000000149012,
    93.89999999850988,
    150.89999999850988,
    104.29999999701977,
    134.5,
    147.70000000298023,
    95.39999999850988,
    42.899999998509884,
    53.80000000447035,
    -55.5,
    9.076469253552473,
    13.733333334326744,
    0,
    23.994517602500334,
    0,
    0,
    0,
    0,
    0,
    0,
    0,
    0,
    0,
    0,
    0,
    0,
    0,
    0,
    0,
    0,
    0,
    0,
    0,
    0
  ],
  "detailedFeatures": {
    "holdTimes": [
      91.60000000149012,
      93.89999999850988,
      150.89999999850988,
      104.29999999701977
    ],
    "ddTimes": [
      134.5,
      147.70000000298023,
      95.39999999850988
    ],
    "udTimes": [
      42.899999998509884,
      53.80000000447035,
      -55.5
    ],
    "typingSpeed": 9.076469253552473,
    "flightTime": 13.733333334326744,
    "errorRate": 0,
    "pressPressure": 23.994517602500334
  },
  "privacyMode": false
}