{
  "sampleId": 2,
  "timestamp": "2025-09-02T05:57:09.431Z",
  "features": [
    76.5,
    85.89999999850988,
    131.10000000149012,
    142.20000000298023,
    138.89999999850988,
    98.60000000149012,
    65.70000000298023,
    53,
    -32.5,
    10.534632604605227,
    28.733333334326744,
    0,
    23.834055934043715,
    0,
    0,
    0,
    0,
    0,
    0,
    0,
    0,
    0,
    0,
    0,
    0,
    0,
    0,
    0,
    0,
    0,
    0,
    0,
    0,
    0
  ],
  "detailedFeatures": {
    "holdTimes": [
      76.5,
      85.89999999850988,
      131.10000000149012
    ],
    "ddTimes": [
      142.20000000298023,
      138.89999999850988,
      98.60000000149012
    ],
    "udTimes": [
      65.70000000298023,
      53,
      -32.5
    ],
    "typingSpeed": 10.534632604605227,
    "flightTime": 28.733333334326744,
    "errorRate": 0,
    "pressPressure": 23.834055934043715
  },
  "privacyMode": false
}