{
  "sampleId": 3,
  "timestamp": "2025-09-02T05:57:10.410Z",
  "features": [
    70.89999999850988,
    105.79999999701977,
    136.39999999850988,
    103.60000000149012,
    149.5,
    109.70000000298023,
    32.70000000298023,
    43.70000000298023,
    -26.69999999552965,
    11.025358324009684,
    16.566666670143604,
    0,
    26.759463538857894,
    0,
    0,
    0,
    0,
    0,
    0,
    0,
    0,
    0,
    0,
    0,
    0,
    0,
    0,
    0,
    0,
    0,
    0,
    0,
    0,
    0
  ],
  "detailedFeatures": {
    "holdTimes": [
      70.89999999850988,
      105.79999999701977,
      136.39999999850988
    ],
    "ddTimes": [
      103.60000000149012,
      149.5,
      109.70000000298023
    ],
    "udTimes": [
      32.70000000298023,
      43.70000000298023,
      -26.69999999552965
    ],
    "typingSpeed": 11.025358324009684,
    "flightTime": 16.566666670143604,
    "errorRate": 0,
    "pressPressure": 26.759463538857894
  },
  "privacyMode": false
}