{
  "sampleId": 4,
  "timestamp": "2025-09-02T05:57:11.372Z",
  "features": [
    78.30000000447035,
    85.60000000149012,
    121,
    126.60000000149012,
    140.20000000298023,
    140.19999999552965,
    48.29999999701977,
    54.600000001490116,
    19.19999999552965,
    9.82800982800983,
    40.699999998013176,
    0,
    18.64802640575976,
    0,
    0,
    0,
    0,
    0,
    0,
    0,
    0,
    0,
    0,
    0,
    0,
    0,
    0,
    0,
    0,
    0,
    0,
    0,
    0,
    0
  ],
  "detailedFeatures": {
    "holdTimes": [
      78.30000000447035,
      85.60000000149012,
      121
    ],
    "ddTimes": [
      126.60000000149012,
      140.20000000298023,
      140.19999999552965
    ],
    "udTimes": [
      48.29999999701977,
      54.600000001490116,
      19.19999999552965
    ],
    "typingSpeed": 9.82800982800983,
    "flightTime": 40.699999998013176,
    "errorRate": 0,
    "pressPressure": 18.64802640575976
  },
  "privacyMode": false
}