{
  "sampleId": 0,
  "timestamp": "2025-09-02T05:57:05.216Z",
  "features": [
    77.10000000149012,
    85.5,
    104.60000000149012,
    113.29999999701977,
    117.5,
    146.19999999552965,
    73.70000000298023,
    40.399999998509884,
    60.69999999552965,
    -30.899999998509884,
    10.512483574244415,
    23.399999998509884,
    0,
    14.471070277161497,
    0,
    0,
    0,
    0,
    0,
    0,
    0,
    0,
    0,
    0,
    0,
    0,
    0,
    0,
    0,
    0,
    0,
    0,
    0,
    0
  ],
  "detailedFeatures": {
    "holdTimes": [
      77.10000000149012,
      85.5,
      104.60000000149012,
      113.29999999701977
    ],
    "ddTimes": [
      117.5,
      146.19999999552965,
      73.70000000298023
    ],
    "udTimes": [
      40.399999998509884,
      60.69999999552965,
      -30.899999998509884
    ],
    "typingSpeed": 10.512483574244415,
    "flightTime": 23.399999998509884,
    "errorRate": 0,
    "pressPressure": 14.471070277161497
  },
  "privacyMode": false
}