{
  "sampleId": 5,
  "timestamp": "2025-09-02T05:57:12.332Z",
  "features": [
    83.60000000149012,
    90.89999999850988,
    141.19999999552965,
    123.39999999850988,
    118.60000000149012,
    135.70000000298023,
    106.89999999850988,
    35,
    44.80000000447035,
    -34.29999999701977,
    9.10954224562582,
    15.166666669150194,
    0,
    23.529595723559922,
    0,
    0,
    0,
    0,
    0,
    0,
    0,
    0,
    0,
    0,
    0,
    0,
    0,
    0,
    0,
    0,
    0,
    0,
    0,
    0
  ],
  "detailedFeatures": {
    "holdTimes": [
      83.60000000149012,
      90.89999999850988,
      141.19999999552965,
      123.39999999850988
    ],
    "ddTimes": [
      118.60000000149012,
      135.70000000298023,
      106.89999999850988
    ],
    "udTimes": [
      35,
      44.80000000447035,
      -34.29999999701977
    ],
    "typingSpeed": 9.10954224562582,
    "flightTime": 15.166666669150194,
    "errorRate": 0,
    "pressPressure": 23.529595723559922
  },
  "privacyMode": false
}