{
  "sampleId": 9,
  "timestamp": "2025-09-02T05:57:16.446Z",
  "features": [
    80.29999999701977,
    84.20000000298023,
    125.10000000149012,
    124,
    134.39999999850988,
    92.10000000149012,
    43.70000000298023,
    50.19999999552965,
    -33,
    11.412268188302425,
    20.299999999503296,
    0,
    20.262335064309575,
    0,
    0,
    0,
    0,
    0,
    0,
    0,
    0,
    0,
    0,
    0,
    0,
    0,
    0,
    0,
    0,
    0,
    0,
    0,
    0,
    0
  ],
  "detailedFeatures": {
    "holdTimes": [
      80.29999999701977,
      84.20000000298023,
      125.10000000149012
    ],
    "ddTimes": [
      124,
      134.39999999850988,
      92.10000000149012
    ],
    "udTimes": [
      43.70000000298023,
      50.19999999552965,
      -33
    ],
    "typingSpeed": 11.412268188302425,
    "flightTime": 20.299999999503296,
    "errorRate": 0,
    "pressPressure": 20.262335064309575
  },
  "privacyMode": false
}