{
  "sampleId": 1,
  "timestamp": "2025-09-02T05:57:08.160Z",
  "features": [
    77.79999999701977,
    89.39999999850988,
    141.5,
    121.19999999552965,
    1670.6000000014901,
    128.19999999552965,
    141.60000000149012,
    103.60000000149012,
    1670.6000000014901,
    50.399999998509884,
    52.20000000298023,
    -37.899999998509884,
    2.446183953033268,
    433.8250000011176,
    0,
    25.265527404489468,
    0,
    0,
    0,
    0,
    0,
    0,
    0,
    0,
    0,
    0,
    0,
    0,
    0,
    0,
    0,
    0,
    0,
    0
  ],
  "detailedFeatures": {
    "holdTimes": [
      77.79999999701977,
      89.39999999850988,
      141.5,
      121.19999999552965
    ],
    "ddTimes": [
      1670.6000000014901,
      128.19999999552965,
      141.60000000149012,
      103.60000000149012
    ],
    "udTimes": [
      1670.6000000014901,
      50.399999998509884,
      52.20000000298023,
      -37.899999998509884
    ],
    "typingSpeed": 2.446183953033268,
    "flightTime": 433.8250000011176,
    "errorRate": 0,
    "pressPressure": 25.265527404489468
  },
  "privacyMode": false
}