{
  "sampleId": 0,
  "timestamp": "2025-08-16T13:18:37.721Z",
  "features": [
    96.29999999981374,
    88.09999999962747,
    115.10000000009313,
    145.5,
    127.59999999962747,
    92.3000000002794,
    49.200000000186265,
    39.5,
    -22.799999999813735,
    10.946907498634427,
    21.966666666790843,
    0,
    11.30231048177862,
    0,
    0,
    0,
    0,
    0,
    0,
    0,
    0,
    0,
    0,
    0,
    0,
    0,
    0,
    0,
    0,
    0,
    0,
    0,
    0,
    0
  ],
  "detailedFeatures": {
    "holdTimes": [
      96.29999999981374,
      88.09999999962747,
      115.10000000009313
    ],
    "ddTimes": [
      145.5,
      127.59999999962747,
      92.3000000002794
    ],
    "udTimes": [
      49.200000000186265,
      39.5,
      -22.799999999813735
    ],
    "typingSpeed": 10.946907498634427,
    "flightTime": 21.966666666790843,
    "errorRate": 0,
    "pressPressure": 11.30231048177862
  },
  "privacyMode": false
}