{
  "sampleId": 7,
  "timestamp": "2025-08-16T13:18:49.969Z",
  "features": [
    100.8000000002794,
    105,
    143,
    142.60000000009313,
    157.10000000009313,
    87.5,
    41.799999999813735,
    52.10000000009313,
    -55.5,
    10.330578512391725,
    12.799999999968955,
    0,
    18.98092609839348,
    0,
    0,
    0,
    0,
    0,
    0,
    0,
    0,
    0,
    0,
    0,
    0,
    0,
    0,
    0,
    0,
    0,
    0,
    0,
    0,
    0
  ],
  "detailedFeatures": {
    "holdTimes": [
      100.8000000002794,
      105,
      143
    ],
    "ddTimes": [
      142.60000000009313,
      157.10000000009313,
      87.5
    ],
    "udTimes": [
      41.799999999813735,
      52.10000000009313,
      -55.5
    ],
    "typingSpeed": 10.330578512391725,
    "flightTime": 12.799999999968955,
    "errorRate": 0,
    "pressPressure": 18.98092609839348
  },
  "privacyMode": false
}