{
  "sampleId": 1,
  "timestamp": "2025-08-16T13:18:42.513Z",
  "features": [
    85.3000000002794,
    74.1999999997206,
    99.40000000037253,
    88.6999999997206,
    55.40000000037253,
    99.89999999990687,
    127,
    2219,
    294.40000000037253,
    113.59999999962747,
    139.40000000037253,
    170.59999999962747,
    129.60000000009313,
    193.8000000002794,
    170.1999999997206,
    2219,
    209.10000000009313,
    39.39999999990687,
    40,
    81.89999999990687,
    74.1999999997206,
    93.90000000037253,
    43.1999999997206,
    2.62344779338884,
    350.0874999999651,
    6,
    20.79130508998857,
    0,
    0,
    0,
    0,
    0,
    0,
    0
  ],
  "detailedFeatures": {
    "holdTimes": [
      85.3000000002794,
      74.1999999997206,
      99.40000000037253,
      88.6999999997206,
      55.40000000037253,
      99.89999999990687,
      127
    ],
    "ddTimes": [
      2219,
      294.40000000037253,
      113.59999999962747,
      139.40000000037253,
      170.59999999962747,
      129.60000000009313,
      193.8000000002794,
      170.1999999997206
    ],
    "udTimes": [
      2219,
      209.10000000009313,
      39.39999999990687,
      40,
      81.89999999990687,
      74.1999999997206,
      93.90000000037253,
      43.1999999997206
    ],
    "typingSpeed": 2.62344779338884,
    "flightTime": 350.0874999999651,
    "errorRate": 6,
    "pressPressure": 20.79130508998857
  },
  "privacyMode": false
}