{
  "sampleId": 8,
  "timestamp": "2025-08-16T13:18:51.521Z",
  "features": [
    111.29999999981374,
    90.89999999990687,
    158.3000000002794,
    151.70000000018626,
    140.1999999997206,
    110.89999999990687,
    40.40000000037253,
    49.299999999813735,
    -47.40000000037253,
    9.93048659384769,
    14.099999999937912,
    0,
    28.221189832563343,
    0,
    0,
    0,
    0,
    0,
    0,
    0,
    0,
    0,
    0,
    0,
    0,
    0,
    0,
    0,
    0,
    0,
    0,
    0,
    0,
    0
  ],
  "detailedFeatures": {
    "holdTimes": [
      111.29999999981374,
      90.89999999990687,
      158.3000000002794
    ],
    "ddTimes": [
      151.70000000018626,
      140.1999999997206,
      110.89999999990687
    ],
    "udTimes": [
      40.40000000037253,
      49.299999999813735,
      -47.40000000037253
    ],
    "typingSpeed": 9.93048659384769,
    "flightTime": 14.099999999937912,
    "errorRate": 0,
    "pressPressure": 28.221189832563343
  },
  "privacyMode": false
}