{
  "sampleId": 5,
  "timestamp": "2025-08-16T13:18:47.093Z",
  "features": [
    90.89999999990687,
    80.29999999981374,
    106.40000000037253,
    132.39999999990687,
    134.79999999981374,
    139.10000000009313,
    41.5,
    54.5,
    32.6999999997206,
    9.844942160969318,
    42.89999999990687,
    0,
    10.717690464552204,
    0,
    0,
    0,
    0,
    0,
    0,
    0,
    0,
    0,
    0,
    0,
    0,
    0,
    0,
    0,
    0,
    0,
    0,
    0,
    0,
    0
  ],
  "detailedFeatures": {
    "holdTimes": [
      90.89999999990687,
      80.29999999981374,
      106.40000000037253
    ],
    "ddTimes": [
      132.39999999990687,
      134.79999999981374,
      139.10000000009313
    ],
    "udTimes": [
      41.5,
      54.5,
      32.6999999997206
    ],
    "typingSpeed": 9.844942160969318,
    "flightTime": 42.89999999990687,
    "errorRate": 0,
    "pressPressure": 10.717690464552204
  },
  "privacyMode": false
}