{
  "sampleId": 6,
  "timestamp": "2025-08-16T13:18:48.526Z",
  "features": [
    132.20000000018626,
    67.10000000009313,
    158.5,
    173.89999999990687,
    106.3000000002794,
    110.6999999997206,
    41.6999999997206,
    39.200000000186265,
    -47.8000000002794,
    10.232796111539916,
    11.033333333209157,
    0,
    38.41825376329056,
    0,
    0,
    0,
    0,
    0,
    0,
    0,
    0,
    0,
    0,
    0,
    0,
    0,
    0,
    0,
    0,
    0,
    0,
    0,
    0,
    0
  ],
  "detailedFeatures": {
    "holdTimes": [
      132.20000000018626,
      67.10000000009313,
      158.5
    ],
    "ddTimes": [
      173.89999999990687,
      106.3000000002794,
      110.6999999997206
    ],
    "udTimes": [
      41.6999999997206,
      39.200000000186265,
      -47.8000000002794
    ],
    "typingSpeed": 10.232796111539916,
    "flightTime": 11.033333333209157,
    "errorRate": 0,
    "pressPressure": 38.41825376329056
  },
  "privacyMode": false
}