{
  "sampleId": 9,
  "timestamp": "2025-08-16T13:18:52.884Z",
  "features": [
    114.5,
    99.8000000002794,
    154,
    179.59999999962747,
    139.60000000009313,
    92.70000000018626,
    65.09999999962747,
    39.799999999813735,
    -61.299999999813735,
    9.711094925955097,
    14.533333333209157,
    0,
    22.886143308807572,
    0,
    0,
    0,
    0,
    0,
    0,
    0,
    0,
    0,
    0,
    0,
    0,
    0,
    0,
    0,
    0,
    0,
    0,
    0,
    0,
    0
  ],
  "detailedFeatures": {
    "holdTimes": [
      114.5,
      99.8000000002794,
      154
    ],
    "ddTimes": [
      179.59999999962747,
      139.60000000009313,
      92.70000000018626
    ],
    "udTimes": [
      65.09999999962747,
      39.799999999813735,
      -61.299999999813735
    ],
    "typingSpeed": 9.711094925955097,
    "flightTime": 14.533333333209157,
    "errorRate": 0,
    "pressPressure": 22.886143308807572
  },
  "privacyMode": false
}