{
  "sampleId": 2,
  "timestamp": "2025-08-16T13:18:43.667Z",
  "features": [
    111.20000000018626,
    102.39999999990687,
    136.10000000009313,
    152.20000000018626,
    164.89999999990687,
    93.20000000018626,
    41,
    62.5,
    -42.89999999990687,
    9.748964172550027,
    20.200000000031043,
    0,
    14.271728074190882,
    0,
    0,
    0,
    0,
    0,
    0,
    0,
    0,
    0,
    0,
    0,
    0,
    0,
    0,
    0,
    0,
    0,
    0,
    0,
    0,
    0
  ],
  "detailedFeatures": {
    "holdTimes": [
      111.20000000018626,
      102.39999999990687,
      136.10000000009313
    ],
    "ddTimes": [
      152.20000000018626,
      164.89999999990687,
      93.20000000018626
    ],
    "udTimes": [
      41,
      62.5,
      -42.89999999990687
    ],
    "typingSpeed": 9.748964172550027,
    "flightTime": 20.200000000031043,
    "errorRate": 0,
    "pressPressure": 14.271728074190882
  },
  "privacyMode": false
}