{
  "sampleId": 4,
  "timestamp": "2025-08-16T13:18:45.625Z",
  "features": [
    92.3000000002794,
    74.3000000002794,
    165,
    149.10000000009313,
    124.3000000002794,
    117,
    56.799999999813735,
    50,
    -48,
    10.245901639334486,
    19.59999999993791,
    0,
    39.208530817651706,
    0,
    0,
    0,
    0,
    0,
    0,
    0,
    0,
    0,
    0,
    0,
    0,
    0,
    0,
    0,
    0,
    0,
    0,
    0,
    0,
    0
  ],
  "detailedFeatures": {
    "holdTimes": [
      92.3000000002794,
      74.3000000002794,
      165
    ],
    "ddTimes": [
      149.10000000009313,
      124.3000000002794,
      117
    ],
    "udTimes": [
      56.799999999813735,
      50,
      -48
    ],
    "typingSpeed": 10.245901639334486,
    "flightTime": 19.59999999993791,
    "errorRate": 0,
    "pressPressure": 39.208530817651706
  },
  "privacyMode": false
}