{
  "sampleId": 3,
  "timestamp": "2025-08-16T13:18:44.657Z",
  "features": [
    94.10000000009313,
    77.3000000002794,
    94.59999999962747,
    142.79999999981374,
    153.40000000037253,
    59.299999999813735,
    48.6999999997206,
    76.10000000009313,
    -35.299999999813735,
    11.251758087201125,
    29.833333333333332,
    0,
    8.040038695116387,
    0,
    0,
    0,
    0,
    0,
    0,
    0,
    0,
    0,
    0,
    0,
    0,
    0,
    0,
    0,
    0,
    0,
    0,
    0,
    0,
    0
  ],
  "detailedFeatures": {
    "holdTimes": [
      94.10000000009313,
      77.3000000002794,
      94.59999999962747
    ],
    "ddTimes": [
      142.79999999981374,
      153.40000000037253,
      59.299999999813735
    ],
    "udTimes": [
      48.6999999997206,
      76.10000000009313,
      -35.299999999813735
    ],
    "typingSpeed": 11.251758087201125,
    "flightTime": 29.833333333333332,
    "errorRate": 0,
    "pressPressure": 8.040038695116387
  },
  "privacyMode": false
}