{
  "sampleId": 6,
  "timestamp": "2025-08-14T02:53:38.429Z",
  "features": [
    125.30000000447035,
    71.70000000298023,
    122.89999999850988,
    178.60000000149012,
    120.60000000149012,
    82.60000000149012,
    53.29999999701977,
    48.899999998509884,
    -40.29999999701977,
    10.476689366037625,
    20.633333332836628,
    0,
    24.721021193691698,
    0,
    0,
    0,
    0,
    0,
    0,
    0,
    0,
    0,
    0,
    0,
    0,
    0,
    0,
    0,
    0,
    0,
    0,
    0,
    0,
    0
  ],
  "detailedFeatures": {
    "holdTimes": [
      125.30000000447035,
      71.70000000298023,
      122.89999999850988
    ],
    "ddTimes": [
      178.60000000149012,
      120.60000000149012,
      82.60000000149012
    ],
    "udTimes": [
      53.29999999701977,
      48.899999998509884,
      -40.29999999701977
    ],
    "typingSpeed": 10.476689366037625,
    "flightTime": 20.633333332836628,
    "errorRate": 0,
    "pressPressure": 24.721021193691698
  },
  "privacyMode": false
}