{
  "sampleId": 8,
  "timestamp": "2025-08-14T02:53:41.090Z",
  "features": [
    103.09999999403954,
    117.5,
    131.69999999552965,
    161.5,
    163.5,
    92,
    58.400000005960464,
    46,
    -39.69999999552965,
    9.59232613908873,
    21.566666670143604,
    0,
    11.675996270268609,
    0,
    0,
    0,
    0,
    0,
    0,
    0,
    0,
    0,
    0,
    0,
    0,
    0,
    0,
    0,
    0,
    0,
    0,
    0,
    0,
    0
  ],
  "detailedFeatures": {
    "holdTimes": [
      103.09999999403954,
      117.5,
      131.69999999552965
    ],
    "ddTimes": [
      161.5,
      163.5,
      92
    ],
    "udTimes": [
      58.400000005960464,
      46,
      -39.69999999552965
    ],
    "typingSpeed": 9.59232613908873,
    "flightTime": 21.566666670143604,
    "errorRate": 0,
    "pressPressure": 11.675996270268609
  },
  "privacyMode": false
}