{
  "sampleId": 0,
  "timestamp": "2025-08-14T02:53:28.824Z",
  "features": [
    109.60000000149012,
    89.70000000298023,
    125.09999999403954,
    155.5,
    150.80000000447035,
    102,
    45.899999998509884,
    61.100000001490116,
    -23.099999994039536,
    9.796718099329427,
    27.966666668653488,
    0,
    14.489153027453652,
    0,
    0,
    0,
    0,
    0,
    0,
    0,
    0,
    0,
    0,
    0,
    0,
    0,
    0,
    0,
    0,
    0,
    0,
    0,
    0,
    0
  ],
  "detailedFeatures": {
    "holdTimes": [
      109.60000000149012,
      89.70000000298023,
      125.09999999403954
    ],
    "ddTimes": [
      155.5,
      150.80000000447035,
      102
    ],
    "udTimes": [
      45.899999998509884,
      61.100000001490116,
      -23.099999994039536
    ],
    "typingSpeed": 9.796718099329427,
    "flightTime": 27.966666668653488,
    "errorRate": 0,
    "pressPressure": 14.489153027453652
  },
  "privacyMode": false
}