{
  "sampleId": 4,
  "timestamp": "2025-08-14T02:53:35.525Z",
  "features": [
    111.70000000298023,
    99.90000000596046,
    152,
    170.5,
    145.30000000447035,
    102,
    58.79999999701977,
    45.399999998509884,
    -50,
    9.573958831874583,
    18.06666666517655,
    0,
    22.30530579398438,
    0,
    0,
    0,
    0,
    0,
    0,
    0,
    0,
    0,
    0,
    0,
    0,
    0,
    0,
    0,
    0,
    0,
    0,
    0,
    0,
    0
  ],
  "detailedFeatures": {
    "holdTimes": [
      111.70000000298023,
      99.90000000596046,
      152
    ],
    "ddTimes": [
      170.5,
      145.30000000447035,
      102
    ],
    "udTimes": [
      58.79999999701977,
      45.399999998509884,
      -50
    ],
    "typingSpeed": 9.573958831874583,
    "flightTime": 18.06666666517655,
    "errorRate": 0,
    "pressPressure": 22.30530579398438
  },
  "privacyMode": false
}