{
  "sampleId": 7,
  "timestamp": "2025-08-14T02:53:39.906Z",
  "features": [
    112.39999999850988,
    90.70000000298023,
    132.39999999850988,
    141.10000000149012,
    183.10000000149012,
    133,
    96,
    70.70000000298023,
    42.29999999701977,
    -36.399999998509884,
    8.39278220727548,
    25.53333333383004,
    0,
    19.44434364973828,
    0,
    0,
    0,
    0,
    0,
    0,
    0,
    0,
    0,
    0,
    0,
    0,
    0,
    0,
    0,
    0,
    0,
    0,
    0,
    0
  ],
  "detailedFeatures": {
    "holdTimes": [
      112.39999999850988,
      90.70000000298023,
      132.39999999850988,
      141.10000000149012
    ],
    "ddTimes": [
      183.10000000149012,
      133,
      96
    ],
    "udTimes": [
      70.70000000298023,
      42.29999999701977,
      -36.399999998509884
    ],
    "typingSpeed": 8.39278220727548,
    "flightTime": 25.53333333383004,
    "errorRate": 0,
    "pressPressure": 19.44434364973828
  },
  "privacyMode": false
}