{
  "sampleId": 3,
  "timestamp": "2025-08-14T02:53:34.510Z",
  "features": [
    113.10000000149012,
    108.79999999701977,
    157.79999999701977,
    162.10000000149012,
    150,
    115.39999999850988,
    49,
    41.20000000298023,
    -42.399999998509884,
    9.35672514619883,
    15.93333333482345,
    0,
    22.15495931348303,
    0,
    0,
    0,
    0,
    0,
    0,
    0,
    0,
    0,
    0,
    0,
    0,
    0,
    0,
    0,
    0,
    0,
    0,
    0,
    0,
    0
  ],
  "detailedFeatures": {
    "holdTimes": [
      113.10000000149012,
      108.79999999701977,
      157.79999999701977
    ],
    "ddTimes": [
      162.10000000149012,
      150,
      115.39999999850988
    ],
    "udTimes": [
      49,
      41.20000000298023,
      -42.399999998509884
    ],
    "typingSpeed": 9.35672514619883,
    "flightTime": 15.93333333482345,
    "errorRate": 0,
    "pressPressure": 22.15495931348303
  },
  "privacyMode": false
}