{
  "sampleId": 9,
  "timestamp": "2025-08-14T02:53:44.103Z",
  "features": [
    89.39999999850988,
    90.19999999552965,
    122.89999999850988,
    114.70000000298023,
    100.60000000149012,
    121.30000000447035,
    155.10000000149012,
    239.89999999850988,
    1106.7999999970198,
    165,
    146.89999999850988,
    133.60000000149012,
    65.70000000298023,
    149.70000000298023,
    983.8999999985099,
    50.29999999701977,
    46.29999999701977,
    12.299999997019768,
    3.594720895604536,
    218.03333333258828,
    0,
    13.833222893001219,
    0,
    0,
    0,
    0,
    0,
    0,
    0,
    0,
    0,
    0,
    0,
    0
  ],
  "detailedFeatures": {
    "holdTimes": [
      89.39999999850988,
      90.19999999552965,
      122.89999999850988,
      114.70000000298023,
      100.60000000149012,
      121.30000000447035
    ],
    "ddTimes": [
      155.10000000149012,
      239.89999999850988,
      1106.7999999970198,
      165,
      146.89999999850988,
      133.60000000149012
    ],
    "udTimes": [
      65.70000000298023,
      149.70000000298023,
      983.8999999985099,
      50.29999999701977,
      46.29999999701977,
      12.299999997019768
    ],
    "typingSpeed": 3.594720895604536,
    "flightTime": 218.03333333258828,
    "errorRate": 0,
    "pressPressure": 13.833222893001219
  },
  "privacyMode": false
}