{
  "sampleId": 1,
  "timestamp": "2025-08-14T02:53:32.400Z",
  "features": [
    104.19999999552965,
    79.80000000447035,
    137.20000000298023,
    1544.8999999985099,
    165.19999999552965,
    129.20000000298023,
    102.89999999850988,
    1544.8999999985099,
    61,
    49.399999998509884,
    -34.30000000447035,
    2.574400164767536,
    405.24999999813735,
    0,
    23.52095991966968,
    0,
    0,
    0,
    0,
    0,
    0,
    0,
    0,
    0,
    0,
    0,
    0,
    0,
    0,
    0,
    0,
    0,
    0,
    0
  ],
  "detailedFeatures": {
    "holdTimes": [
      104.19999999552965,
      79.80000000447035,
      137.20000000298023
    ],
    "ddTimes": [
      1544.8999999985099,
      165.19999999552965,
      129.20000000298023,
      102.89999999850988
    ],
    "udTimes": [
      1544.8999999985099,
      61,
      49.399999998509884,
      -34.30000000447035
    ],
    "typingSpeed": 2.574400164767536,
    "flightTime": 405.24999999813735,
    "errorRate": 0,
    "pressPressure": 23.52095991966968
  },
  "privacyMode": false
}