{
  "sampleId": 5,
  "timestamp": "2025-08-14T02:53:36.971Z",
  "features": [
    86.90000000596046,
    100.29999999701977,
    158.89999999850988,
    141.40000000596046,
    144.29999999701977,
    98.5,
    54.5,
    44,
    -60.399999998509884,
    10.41124414359441,
    12.700000000496706,
    0,
    31.265031938186056,
    0,
    0,
    0,
    0,
    0,
    0,
    0,
    0,
    0,
    0,
    0,
    0,
    0,
    0,
    0,
    0,
    0,
    0,
    0,
    0,
    0
  ],
  "detailedFeatures": {
    "holdTimes": [
      86.90000000596046,
      100.29999999701977,
      158.89999999850988
    ],
    "ddTimes": [
      141.40000000596046,
      144.29999999701977,
      98.5
    ],
    "udTimes": [
      54.5,
      44,
      -60.399999998509884
    ],
    "typingSpeed": 10.41124414359441,
    "flightTime": 12.700000000496706,
    "errorRate": 0,
    "pressPressure": 31.265031938186056
  },
  "privacyMode": false
}