{
  "sampleId": 2,
  "timestamp": "2025-08-14T02:53:33.460Z",
  "features": [
    109.69999999552965,
    99.60000000149012,
    145.10000000149012,
    167.79999999701977,
    154,
    110.60000000149012,
    58.100000001490116,
    54.399999998509884,
    -34.5,
    9.250693802067032,
    26,
    0,
    19.509029249445838,
    0,
    0,
    0,
    0,
    0,
    0,
    0,
    0,
    0,
    0,
    0,
    0,
    0,
    0,
    0,
    0,
    0,
    0,
    0,
    0,
    0
  ],
  "detailedFeatures": {
    "holdTimes": [
      109.69999999552965,
      99.60000000149012,
      145.10000000149012
    ],
    "ddTimes": [
      167.79999999701977,
      154,
      110.60000000149012
    ],
    "udTimes": [
      58.100000001490116,
      54.399999998509884,
      -34.5
    ],
    "typingSpeed": 9.250693802067032,
    "flightTime": 26,
    "errorRate": 0,
    "pressPressure": 19.509029249445838
  },
  "privacyMode": false
}